mass,maxEigH,minEigH,kG,maxG,kC
0.0,26.43113890337936,0.00015866342730005495,11.440250391589135,258.9942523407095,0.8652132624310364
0.1,26.544141899549523,0.0003591139397823804,12.020773240092097,260.02431407454173,1.0072177196690815
