mass,maxEigH,minEigH,kG,maxG,kC,alpha1,alpha2_r1,alpha2_r2,alpha2_r3,alpha2_r4
0.0,26.43113890337936,0.00015866342730005495,11.440250391589135,258.9942523407095,0.8652132624310364,2.0504064512304274,0.276279467344991,1.50953134702817,-0.134335983418353 - 0.211420507419244*I,-0.134335983418353 + 0.211420507419244*I
0.1,26.544141899549523,0.0003591139397823804,12.020773240092097,260.02431407454173,1.0072177196690815,2.196904986776879,0.275949892903391,1.50303909482466,-0.134154431135731 - 0.211086765693506*I,-0.134154431135731 + 0.211086765693506*I
